﻿<?xml version="1.0" encoding="utf-8" ?>
<BusyBox>
  <Available>
    <summary>
      Gets if busybox is available on this device.
      </summary>
  </Available>

  <Commands>
    <summary>
      Gets a collection of the supported commands
      </summary>
  </Commands>

  <Device>
    <summary>
      Gets or sets the device.
    </summary>
    <value>
      The device.
    </value>
  </Device>

  <Version>
    <summary>
      Gets the version of busybox
    </summary>
  </Version>

  <ExecuteRootShellCommand>
    <summary>
      Executes a busybox command on the device as root
    </summary>
    <param name="command">The command.</param>
    <param name="receiver">The receiver.</param>
    <param name="commandArgs">The command args.</param>
  </ExecuteRootShellCommand>

  <ExecuteShellCommand>
    <summary>
      Executes a busybox command on the device
    </summary>
    <param name="command"></param>
    <param name="receiver"></param>
    <param name="commandArgs"></param>
  </ExecuteShellCommand>

  <Install>
    <summary>
      Attempts to install on the device
    </summary>
    <param name="busybox">The path to the busybox binary to install.</param>
    <returns>
      <see langword="true"/>, if successful; otherwise, <see langword="false"/>
    </returns>
  </Install>

  <Supports>
    <summary>
      Gets if the specified command name is supported by this version of busybox
      </summary>
    <param name="command">The command name to check</param>
    <returns>
      <see langword="true"/>, if supported; otherwise, <see langword="false"/>.
    </returns>
  </Supports>
</BusyBox>